payment_history_length,on_time_payment_percentage,average_invoice_size,wallet_age,transaction_count,default
44,58.61599356008149,4891.549080460343,660,65,1
57,59.61445094043354,5197.254230225096,956,438,1
34,52.043430813323944,44815.352858541795,319,455,1
20,58.44675315360823,10401.498911218403,879,322,1
48,63.92951695159793,16845.20654366052,789,318,1
13,58.85052421383734,12106.163709122413,383,165,1
26,54.43512668785278,18394.818985764927,668,335,1
44,56.03179355503004,4401.768294558575,104,20,1
24,73.03893840163629,26433.929754505247,902,342,0
28,60.31668592028963,4313.015616018531,745,98,1
16,68.21349305240378,40217.46888329572,590,308,1
16,75.17086354274284,12451.892013611217,620,142,1
29,84.51974143146826,27460.58381562102,470,342,0
58,51.965606992054944,44123.87529051145,270,42,1
41,89.97051994545214,32892.99108331252,890,131,0
45,81.39501947454539,27114.93154101543,183,279,0
29,54.08795159744359,16892.353902653405,815,168,1
8,93.67893120533887,17317.093739851698,125,447,0
27,96.04362002659066,33804.860804711316,755,323,0
58,53.05389799274319,49712.828699837206,323,81,1
7,63.843882407360184,33430.12030261955,238,178,1
29,90.31006398965306,28331.38745113122,372,391,0
49,87.41298451918291,36801.875001723056,117,462,0
35,59.226050967818864,23795.07500190219,847,362,1
43,60.467466166835514,3946.9747874384757,805,325,1
7,68.5236051395691,28552.54397801758,966,380,1
26,74.22614925955106,47923.63894076363,419,95,1
38,80.9127385765148,9589.844175525322,354,242,0
17,68.44568197848862,34810.23965021262,969,268,1
27,73.1267358066574,10845.750744293768,918,183,1
49,87.37354690668784,27255.556539180983,861,498,0
30,51.834160144529896,5737.146032689261,186,494,1
54,62.62184721720104,23068.175876651072,697,213,1
32,85.66747929422762,38052.00311586706,680,77,1
47,94.76034188435997,18031.004687710123,662,394,0
33,75.58387210578331,33580.67449987368,606,111,1
21,76.60567426326578,39977.04807869673,648,349,1
20,55.358600566988805,46431.71315449318,688,299,1
52,72.37061834117273,12497.462010917223,166,373,1
56,76.63086332275115,20566.4798746561,952,448,0
49,62.12352518173648,8468.384653190455,703,288,1
60,63.46216154746905,49631.69160576039,457,357,1
57,68.86420815523113,46423.04742829047,481,186,1
8,51.003559888886315,27457.89938374742,641,41,1
42,66.10395827915892,42259.63142444464,879,141,1
56,60.572400349827234,26526.940886330067,940,342,0
12,66.37486760889573,31555.698712135225,848,60,1
26,55.98810659096256,5367.097173684814,170,191,1
14,94.52636403699475,38008.250604343586,112,345,0
44,79.67962267770244,7257.960698126506,206,262,1
23,83.95511595722448,41477.31388237389,227,449,1
9,89.45856193036691,39319.37629584891,653,62,0
30,74.92210994645286,35728.49018940584,597,367,1
19,54.34601440437118,2771.8586457133433,720,127,1
55,76.85532709092739,15853.289441321102,450,192,0
14,79.34205590104395,13892.5159256313,430,234,0
31,87.2719737092165,18646.683966104436,727,172,0
58,71.58297731148397,5294.494591428089,500,424,1
7,56.37901513977819,46910.93332852208,247,118,1
25,64.18879528993622,28136.309794906436,954,256,1
33,68.15411481993175,15970.691222243153,958,111,1
52,82.29586206658007,20452.094336639886,857,41,0
12,78.53891523344559,22912.92448473695,758,339,0
49,67.80483629489231,30429.122334670246,661,96,0
13,99.32576243964898,26268.29195712839,980,22,0
52,80.28874096784436,46050.20668750645,935,358,0
40,61.86133958679972,25351.21066238568,204,67,1
19,55.089123631020186,49615.74272634232,52,154,1
22,57.642956959216605,42719.82292950969,754,143,1
41,62.29788641922541,11217.015203509454,946,190,1
55,58.03406866297779,46599.1655175519,264,189,1
45,59.32835120256529,6701.953496388329,42,209,1
9,64.25475843469235,41055.035716068385,130,264,1
7,58.66867976473774,19650.541380352424,958,218,1
11,94.83827123132126,44020.74170180841,565,260,0
59,54.01168728308211,43534.777815265064,905,139,1
47,76.22556947851274,40490.344605763436,552,65,1
9,70.51984134948307,39711.491379046005,814,367,1
59,99.11893084543033,15929.277815803998,481,314,0
34,55.60194510840262,4965.044869511357,460,92,1
23,69.89277995228709,20746.02875949291,822,328,1
31,98.47352166376845,9502.701234338925,635,480,0
49,93.27535629469901,35052.60335622062,742,211,0
39,90.85360354746399,17958.886600351492,562,133,0
15,62.895141352246995,48804.89984213583,881,315,1
41,58.54437936950329,32407.63178992127,752,7,1
19,83.43216099622154,41301.547618083685,681,466,0
36,96.46879945637929,7493.708964350573,322,426,0
53,77.83814465069649,43238.709631358506,839,246,0
20,78.580634473495,46215.10233515632,942,125,1
13,63.998954683014205,24866.03402212786,130,389,1
19,88.47464665959684,30706.393949797894,531,106,1
28,59.35218742787617,38475.680244246774,333,42,1
45,66.18396182021218,9567.092735760214,900,345,1
26,71.27182193082083,25625.737746708677,569,500,1
21,75.38051893422275,20534.48836084334,582,417,1
50,62.12048662075401,8172.325615950206,384,137,1
23,55.74184123696018,19009.186692285042,332,206,1
52,80.53100212208163,4340.443159889184,525,352,0
58,64.43152766201278,2264.7834405248623,687,25,0
29,79.06191107113061,7623.1481685863155,797,246,1
31,57.718135763710116,48192.64046786952,256,459,1
30,74.05700509274087,27926.94725885583,265,455,1
50,76.62947162757929,48325.285896507776,902,113,1
46,52.591176841121346,22192.396038176466,921,307,1
34,66.83021390969603,16278.990521177719,484,88,1
20,56.72073384694871,25800.95127917196,42,87,1
50,53.168748523638385,22536.072743012595,239,295,1
6,99.49801161949726,6177.569528825452,770,456,0
30,66.11769224873615,32400.489419820104,426,73,1
12,90.49372229273175,11585.870942970381,129,133,0
14,62.732032738188195,31359.80978999365,60,200,1
29,84.07513611119646,32859.85352750952,927,144,1
6,88.01139299448432,8449.217803303756,557,448,0
49,79.78193703039221,4006.13172842274,678,287,0
13,73.57880942750792,39257.31771735355,358,316,1
29,70.59204570736343,23530.22076469669,195,238,1
16,67.44341332714977,3850.025979768314,488,27,1
56,96.4764572123913,49748.44954131859,851,157,0
22,91.53097038938645,3831.2474888219654,981,281,0
13,98.25134553332563,35056.72621406911,129,65,1
40,56.21486117427724,49200.267337907266,650,323,1
40,86.54337376018222,12719.825106580354,884,382,0
38,96.91702284105189,7970.2190656726125,202,56,0
10,59.061653308283006,6947.8620316990155,778,348,1
47,53.32481336833887,15860.482230812182,191,157,1
44,87.05603246450295,5951.244739521688,934,241,0
46,78.7236556589956,34915.90574301247,757,315,0
33,92.0914388379136,4052.298108373072,805,306,0
12,56.988618831314476,25961.684279339697,292,36,1
14,89.76336559299452,49838.14583879586,833,59,0
13,60.08136600238723,40884.54320579492,303,356,1
17,58.18279714328523,31145.752473319535,32,393,1
39,58.21328989654965,16006.427418543972,57,40,1
38,90.72873601156911,31570.895978290286,355,114,1
53,83.25986103481,26825.03173167093,969,494,0
60,76.15327123845597,21878.085810628203,178,181,1
28,67.94152420617513,7404.8084602697745,569,366,1
29,93.86002704065541,44443.60654678287,517,318,0
42,69.62225537113177,23039.447792244802,851,299,1
40,90.82997197357886,10536.503079217488,467,340,0
49,71.95674542851091,19020.208192987193,94,101,1
45,68.84722147124538,21292.357873917426,385,373,1
27,73.13398928348032,41549.35688277684,562,217,1
32,65.0688937082071,36947.1046475087,281,321,1
40,87.38046900881255,38695.93978842565,264,141,1
6,75.13601950462396,1540.5319570037136,256,10,1
40,61.61063475734086,21391.545910808312,554,113,1
42,94.97872866372842,24585.86343013086,342,39,1
52,69.19456106866056,1940.4215643297775,78,43,1
19,77.17764305569943,13730.847228506676,147,154,1
8,95.32360554822735,38254.201332984616,83,429,0
6,81.21189979569961,7718.375580720954,679,122,1
10,55.8449020354182,27230.19644117699,594,265,1
31,96.99160618067376,11544.891728844637,73,430,0
60,81.38540265357089,1593.9179575507703,844,91,0
19,66.7452807328543,12818.871422377533,82,469,1
44,56.96360363316936,48817.81399059264,615,80,1
32,89.7012594635148,40275.31848226649,587,475,0
14,81.00363779642568,48019.25557173064,554,468,1
20,76.67305459881608,24904.848152391758,706,455,0
20,94.69462915254789,6377.073735197671,131,418,0
31,89.42986056122655,27850.014959710956,821,317,1
47,57.58374398663756,23264.48939343808,799,387,1
18,65.5861033897774,42373.49705424118,878,218,1
56,62.424456990723286,5806.046458427985,897,461,1
37,87.19731462863385,24923.815714067132,427,289,0
44,51.67662173678897,8352.38457000523,167,243,1
54,78.49448424356582,16909.12041761294,704,169,0
57,88.12293428703452,37130.49679200218,950,91,0
37,93.83828183808748,24324.88833906956,416,145,0
9,67.10408743579538,19418.525972142696,140,164,1
35,91.06286523360063,20329.33764993173,643,50,0
42,55.53158684776036,23512.891651893344,46,376,1
28,92.3226145867259,39465.81064801579,809,499,0
44,56.37443311659912,44712.149758071486,211,116,1
50,69.86436452801837,47811.399638692485,913,411,0
20,89.86476828897767,39558.26592650946,565,49,0
48,57.49587136743869,16454.937891652626,570,405,1
34,61.462569761632075,34718.60059824056,200,251,1
41,86.1126284196533,22442.553078714205,438,108,0
18,86.00182682730372,13478.860480256508,769,89,1
37,82.05738164426486,42202.70739187021,407,454,0
12,84.697422223355,2882.891099153925,217,489,0
56,77.13622216737981,45186.337614635755,887,138,0
27,62.58995294534763,23612.395766611975,259,112,1
33,67.28479967519597,32222.87236360574,862,22,1
7,59.079885840071285,33308.34218808335,881,98,1
47,95.42252806668142,44860.76929462028,148,154,0
50,79.16958973830603,32196.81442619316,185,250,1
58,70.042570838182,31082.745653243026,813,293,0
11,73.10029018220663,4265.9499874738085,716,418,1
33,97.36416698059077,26401.993075315,494,213,0
33,57.66757015580401,8358.28104003504,133,130,1
49,79.31149160083986,37134.25466735279,633,239,0
49,75.2944339442233,26098.87411982105,727,420,1
25,80.57271177173239,34331.16118120931,824,430,0
35,50.90550919104203,3041.972129516829,531,466,1
16,93.60619544720757,5154.808786244358,722,126,0
60,96.60591412418063,36099.84601507143,711,142,0
33,78.25665917946044,4532.132463934995,728,499,0
30,84.8325411938446,4491.579660497671,204,119,1
44,96.12496905886479,1593.315286509485,763,424,0
38,85.36193171566993,47868.568516674524,774,166,0
6,57.62695214571307,37137.90961349134,703,205,1
32,78.81441800834065,18309.319016601145,450,238,0
57,80.3357523191428,15530.243483095106,163,32,0
18,71.2065335651193,18135.458257546627,420,15,1
46,86.82221178123615,38958.02302787791,765,210,0
8,96.71835073845074,33407.15994245031,530,171,0
44,96.27842564533881,10074.58282550593,694,251,0
11,72.5419685702066,9531.357431370134,62,51,1
13,55.661902292037766,5821.3868359564685,84,250,1
32,99.24205994811672,33354.83326536557,983,131,0
14,91.94490432229671,38454.26044886506,548,151,0
42,56.233134060163344,13987.274987925197,785,122,1
38,96.04209413086862,2026.3030905147277,854,403,0
56,93.49481810310641,5026.411706344939,667,386,0
47,75.94190285630361,48425.141707406496,41,416,1
49,79.56377178724647,15476.794096393593,557,156,1
29,69.95013519350651,38691.93424406855,749,76,1
20,52.73808194110157,31608.514873858923,584,367,1
59,66.75986208229504,19715.0423429919,402,141,1
37,90.14267242990057,11078.6758475822,513,179,0
37,50.23160115023014,6947.934489810915,676,293,1
29,66.6749585845572,31135.635433904463,257,450,1
46,69.90843467954717,38957.05525125161,652,485,1
57,76.86978014689615,32551.308423515402,336,23,1
54,95.99278082063802,26984.80452920876,486,199,0
54,67.31729971829806,3055.609948150177,189,334,1
57,67.34766009481139,48455.95010212481,360,428,1
17,86.87506240548743,40136.99539107415,805,179,1
44,72.61089704449036,15348.279798347272,254,494,0
7,61.2302411469991,49018.54613858368,758,453,1
8,72.62197580663467,30492.19789217978,533,417,1
54,57.04285101898999,29538.710252155077,485,438,1
42,58.819349325311165,37655.58579204707,74,358,1
54,74.91838863697399,40776.71961641674,243,145,1
22,70.9462724752274,33167.45175924363,88,250,1
54,95.742295053405,7276.691571943801,673,389,0
7,68.11969495583165,17575.10779373042,645,422,1
7,79.02941751390217,46476.098375976435,224,97,1
33,81.61321439597651,12006.164980348743,954,436,0
59,50.654722829416684,19236.18416803815,518,243,1
28,83.17686860083553,22171.767264265603,186,209,0
42,58.90179834348757,22530.844495028156,639,52,1
37,98.05351587347275,31034.03954223175,255,437,0
38,57.43313638765565,47210.71604949067,441,249,1
6,70.73120618635119,12793.942879792743,234,324,1
24,54.26748340393219,6953.567438744985,108,321,1
7,99.84371259229736,10676.05400313693,153,417,0
58,75.10975051656213,44459.32011025421,500,299,0
49,79.76925086600218,32644.729820105094,969,132,0
31,53.353823869421376,15009.432672718847,247,348,1
37,87.49802351995889,40981.400009462246,545,286,1
11,60.49527965477929,43207.12982180837,631,21,1
37,94.90271447203568,42479.202595823626,133,75,1
60,60.25698202410036,46027.400148338165,422,273,1
9,59.534386033183324,13359.809988494717,660,329,1
60,51.827483392404744,37997.054508567635,674,286,1
16,73.60334725549995,23566.43536643286,853,309,1
22,78.24205666313082,42257.92909161301,637,455,0
43,53.285431971417616,36696.04318091905,463,11,1
29,88.77638083475053,39045.924878486505,360,318,1
10,72.66444173740138,33151.93004637251,172,309,1
57,76.219513466379,9694.009704015636,829,107,0
39,72.03813734691141,27706.31902594998,569,313,1
11,70.0381530437663,49248.8172367009,307,197,1
27,77.9820165654109,46932.01525835883,262,245,1
16,57.76201229653562,3115.513054053572,558,66,1
53,59.09640652476355,9075.925970742419,600,21,1
21,93.08928105067587,7454.709899273534,119,175,0
38,97.30577310668164,36573.01558927948,521,29,1
14,68.66546581398765,41071.481162990305,228,255,1
11,63.53723365717769,11462.056949222924,391,257,1
21,82.19997716195078,25786.78195463962,470,391,0
34,70.43670855490481,42194.4483725488,55,211,1
8,51.26931778301724,36907.27569354628,54,33,1
25,57.80762986830952,27569.623069100566,423,121,1
41,85.79861144236988,29927.036832479873,536,495,1
24,82.94619709550757,25909.666798897717,330,420,1
31,51.354799625174174,15579.874114622207,368,286,1
8,61.098608096647474,28686.07765009179,296,384,1
24,61.55373982940357,34755.379800454444,490,148,1
25,83.59463717993643,43792.82287717958,722,29,1
37,50.98552688771821,32178.276344983155,485,314,1
12,55.205429099228695,38294.95531511474,389,160,1
57,89.99580426865947,8843.510112774076,97,77,0
46,58.927233102716684,23616.316246569706,892,124,1
38,82.63730539259373,1457.2493715275714,441,316,1
45,61.90913905233633,13087.264361559528,1000,325,1
44,54.97206963796726,36596.62404053724,520,97,1
23,62.1586095499727,49598.68761611881,862,90,1
45,86.11334659278296,5859.72687977358,78,340,0
6,92.78482340531428,20673.221477203126,716,429,0
16,91.51099322834958,40203.47746625882,593,368,0
33,69.85917648092274,10997.746096816043,131,439,1
30,83.40425682853231,28199.162515812026,245,122,1
55,60.24921477079105,36920.49350545406,467,237,1
28,64.65738651305067,31183.287062748772,729,203,1
36,94.81679092605599,10213.21199615539,598,210,0
35,50.6500961755368,18413.843865601233,588,417,1
47,54.2754265427234,39405.79743978447,188,343,1
40,60.394312757301364,28157.099192468813,518,151,1
12,51.32661019369099,1256.2510636027241,715,454,1
21,59.071771754489866,38288.5472413766,271,429,1
31,79.15207804848461,2730.2563920717143,823,433,0
53,71.0712275296249,37540.95535383037,782,275,1
57,94.63358555384875,10921.547448096633,911,391,0
54,90.87217808692205,47945.60052584963,34,143,0
7,67.0908675848938,19029.096813802138,625,185,1
6,62.971171671564626,17019.649200565877,849,434,1
53,68.98462040836334,8295.51446628979,390,34,1
17,79.51474712574039,15974.606559020529,488,61,1
10,63.403182041143815,43955.88732958183,277,236,1
42,81.2074453924567,49820.38254373512,595,150,0
37,70.47058260956203,19047.16699483557,702,439,1
60,77.602359042599,22981.920916772586,975,388,0
14,71.80632645676583,36381.47597193412,451,52,1
46,64.72328797709588,44423.59324278865,952,198,1
40,97.42266534810784,30059.172375152422,767,228,0
24,88.18028970798804,20184.759210713637,44,140,1
53,57.00565878832263,21218.470201582564,765,26,1
21,93.42339879489563,35085.28917834353,602,10,0
8,74.37155991247567,1157.6949166096554,151,208,1
25,94.72761134470457,31359.877535532192,306,243,0
29,89.99276279736577,18419.157511626512,587,189,0
59,71.26067522346167,39915.66923257713,482,364,1
38,51.12346541600587,5556.541351333476,419,296,1
29,63.4338679692473,29821.911080471134,323,339,1
57,77.08171073304334,24567.671604420062,603,224,0
16,81.67391099130737,32473.950769356143,627,120,1
54,62.894384271660115,4177.826129665449,475,317,1
13,56.96780370364121,29419.205583978433,239,53,1
41,91.74651183996495,28512.744810016662,619,177,0
43,99.22010903517761,28472.344626392376,743,86,0
45,76.28450911513428,30570.895663226285,331,326,1
25,58.583964292415175,34146.92892409175,938,337,1
40,63.61536632596845,40444.46098435772,252,49,1
53,50.919533827373336,14221.215286282502,763,339,1
30,95.71494032802495,41427.42109882304,32,24,1
40,55.88755414450706,25414.528430909228,547,452,1
30,78.82582377571268,4775.855677582227,122,225,1
34,63.7027610343603,3868.9955329549807,549,127,1
23,77.70890012578967,17377.67761610698,457,238,0
51,82.57101941759322,39459.95187846191,522,225,0
23,91.48709018536007,35676.36580230487,264,327,0
7,60.32106358803016,39642.13326894792,649,343,1
59,50.549791432924025,26346.18376563886,190,7,1
40,56.844281503440364,22569.75089981904,750,186,1
21,95.00093209240526,8225.173808607913,781,210,0
46,93.69450387812577,17081.444926856268,360,324,0
41,79.87065510851542,22266.948942519888,362,44,1
38,80.02584302168268,5341.421054301244,79,63,1
9,83.25183372731277,11809.985682849352,552,443,1
38,58.76856393117248,30313.0394091232,892,66,1
19,95.72059729624799,37047.4925977203,697,136,0
26,70.93852624460365,49919.02805825453,521,64,1
53,69.15692641247487,46722.553235834326,611,376,1
25,75.94588526414188,32485.694777224384,710,335,1
13,52.348298338752755,21641.15461140953,301,126,1
12,58.31416843780397,32172.6908707034,609,483,1
8,86.90168082131852,39496.929285931365,896,111,1
22,54.139933396256325,6798.473355245978,281,100,1
38,80.1576054733194,21085.339595118123,589,351,0
53,62.26745548406605,42150.31199614525,725,418,1
17,69.46478070209884,19807.814644719158,861,239,1
56,64.43468683853499,29021.74129013214,728,390,1
27,67.78363582324747,29800.698682247712,119,66,1
60,85.95229525921228,10039.336403548328,475,260,0
27,64.85608578115875,18749.53664096213,361,53,1
51,78.32023201484486,17391.053148354677,168,397,1
35,73.80252010995498,2283.638718071175,386,352,1
43,83.1835582681324,2185.396430676407,630,163,0
43,96.84148696623791,41753.155140112896,303,128,0
50,86.62860486051252,14380.469688667808,48,486,0
56,60.74701892953784,26385.859545701955,340,321,1
59,51.55915675306424,15637.55310584988,899,211,1
13,63.113202214991254,47093.283010651685,915,52,1
32,79.75389653501274,13705.541184422913,183,413,1
32,52.57129067421252,22053.18382420782,419,424,1
39,74.81831236006181,43763.78227374549,289,140,1
26,79.84214244584446,42254.74477279862,649,205,0
35,66.71219454084805,10118.969474467589,912,254,1
38,88.54561018729109,40329.52217998981,826,318,0
33,55.32991265668859,23451.15745015674,600,361,1
52,53.75688908679044,24665.474732182407,154,372,1
38,86.40943781018017,7540.518648381245,383,433,0
10,74.77456581030992,4949.4741740991085,302,322,1
53,84.4201198213868,36669.0260417145,648,299,0
24,71.74136693018731,25326.596465409686,840,484,1
9,62.32010166195534,22405.6844281438,274,318,1
40,90.95511588371,36745.90320396744,877,213,1
54,89.97079394844897,38510.132050564374,479,359,0
22,84.73482354272133,8786.500215798325,959,489,1
49,63.607256861498136,30901.032324404423,276,215,1
33,79.51153334345435,7632.350031606591,549,196,0
35,68.04869484700134,37817.379215423236,170,48,1
34,54.579103666331704,33190.80265708984,391,33,1
51,95.86567877311214,47874.11643308944,37,63,0
58,56.84093154594807,4378.942801464638,507,75,1
11,97.51186769104012,3795.6813364114614,381,96,0
40,72.30028864789779,14827.166659966808,524,269,1
46,59.25664644193098,13823.578503059392,635,387,1
42,77.0950473689179,13101.961154527991,862,224,0
29,93.64729179382041,45406.474445530795,456,394,0
34,86.61124432047805,13227.7637926258,68,417,0
54,90.32805739307248,14325.536580302918,622,446,0
51,82.93916833553587,38210.51485848022,216,405,0
58,84.61382822589263,23037.25228007646,625,404,0
36,92.45978257826596,39058.817290803876,629,219,0
40,62.483400442959294,4202.941720654877,783,483,1
38,74.47124818215703,24890.98848999583,883,391,1
57,61.06047209098011,2647.066408980849,122,281,1
26,99.38340039983234,4070.0069693123714,115,68,0
37,97.20296698433066,45415.43521387614,73,350,0
28,51.9713405684253,7823.023184762163,166,296,1
38,85.27875862578442,27088.61343148564,450,494,0
8,96.26241587078329,21143.68452743462,103,489,1
23,59.02876725636668,18019.82298668329,577,249,1
30,78.39726152763147,45091.83393867635,642,474,1
47,95.77441487940209,2069.3464419989855,541,66,0
36,51.69729892928994,33525.69462260386,185,430,1
59,84.871013362342,48206.32727646397,967,336,0
8,64.86745036862754,28448.240989630256,284,174,1
45,96.21980976882652,46904.3006396215,200,449,0
51,98.55291225826838,3560.6360850151646,757,273,0
29,97.2133244556717,21520.87263463391,199,271,0
55,73.71071083287319,13747.731757140507,793,58,0
37,93.10213254946567,36810.22728405576,901,20,0
52,92.22746992675351,49083.55743436509,351,12,0
27,65.95502366216279,13569.973059768143,596,108,1
28,91.44577370753387,33054.55547222965,485,63,0
7,51.85038173577463,10706.784005227266,973,317,1
32,79.81349392410266,28701.182474008885,632,44,1
47,61.50044186438515,23732.691847728474,819,241,1
7,56.02834428886394,48628.26115194531,642,447,1
31,53.84766008146046,30817.83636212686,184,390,1
22,84.81443879390699,18125.81223225412,918,98,0
45,66.9937481884033,6590.693459508735,378,226,1
38,86.23833857643808,8411.094608011794,480,208,0
14,53.26781703994712,12040.52956761052,905,142,1
48,65.76451689153052,13297.366405674602,682,304,1
59,76.97456461876686,42680.186834215754,202,399,0
53,89.53615824194819,28499.91662584372,39,211,0
44,65.9376251466035,26646.154657343955,769,340,1
34,81.29456882185045,6623.674721591656,294,85,1
47,94.29888741180935,43146.844974122316,467,222,0
60,80.79315940911523,36417.9008572157,789,6,0
31,61.64797373768169,4315.749733100078,276,182,1
40,51.220039077826904,35683.919764258666,696,400,1
55,93.50494369504649,27633.372649789657,575,375,0
30,51.063470542519354,5004.541941592135,528,350,1
29,93.73508363420997,23456.731434904166,158,283,0
18,76.4468567013606,24750.118069372304,701,150,1
12,96.95338492564481,9122.952468000512,630,322,0
41,89.93916178868326,47339.20920301383,634,228,0
50,99.89670552666686,42648.793202552435,356,373,0
25,67.53559077258551,33782.094529126305,782,388,1
6,88.35941444655634,23652.482489029753,864,66,0
13,70.0965456804621,21176.511537640916,433,298,1
51,73.99378101519544,32897.699890396754,658,243,1
21,81.37527316091851,27726.16160093837,635,199,1
19,93.68385570931693,4051.3821882123952,704,170,0
17,99.20417345996475,26112.629789746254,640,455,0
56,88.41367069322591,40513.77724440913,654,226,1
28,70.8883391083667,23502.754002250946,388,65,1
20,71.06785011385351,3545.872300159152,632,133,1
33,86.87911507944457,39527.63176981762,887,482,0
39,61.938857288415115,10866.825324662745,747,177,1
7,55.52370565656973,13672.4209095139,46,484,1
37,67.73110788203883,9070.611318182499,303,160,1
28,64.36194958270409,17180.53817870338,714,409,1
27,64.81540602279951,38080.82377874311,145,382,1
56,61.680387552495496,26449.90711569293,890,114,1
30,52.104659481818096,11039.182433384914,722,273,1
27,50.89369673667069,44013.67382945,120,415,1
27,99.38611948680158,44099.51089262493,111,360,0
54,71.38865668679311,43658.34282725434,353,395,1
57,69.21633235798409,12701.014357695425,990,282,0
47,83.9823641346535,23110.72786486842,143,78,0
11,60.912694393253204,49264.493150902876,798,491,1
20,97.49805919751127,38828.61133918953,87,441,1
59,89.3172507207776,2331.203640052431,183,467,0
48,54.47055011561297,4195.024971764111,906,211,1
42,70.87903878924642,23732.637463804305,433,392,1
38,93.95591537810824,45551.79008721645,657,484,0
13,97.2366011145705,27396.388099682998,884,283,0
58,73.37007556249348,25392.81289368022,295,379,1
49,80.67056946053539,6168.211297874898,344,330,0
49,58.35169730460376,33182.22513149041,744,476,1
10,99.55843130684883,41283.05486941105,70,344,0
44,61.58358506917217,19640.580367870552,134,361,1
9,97.13658870675629,39004.980695341044,930,344,0
11,82.48233244961843,48259.35604113977,919,208,1
50,80.38683974394296,10984.556497256766,222,165,1
37,75.63442555082543,26643.151928542324,430,32,1
57,61.53349058588793,15069.759946144202,307,396,1
35,58.82640160027542,39849.866532658125,383,261,1
52,61.02431045350877,29302.074928176717,778,169,1
40,59.32191310721272,32094.538459964882,966,67,1
60,88.97922367833766,40097.793821178806,762,26,0
45,67.5062629583365,20402.55316046029,609,74,1
57,52.89213382816982,45839.41335194512,738,385,1
21,98.45513150704056,27118.414495060857,285,409,0
18,94.18929424817128,8739.786318932052,680,100,0
55,96.38761415976064,35099.05679027132,853,167,0
47,99.74539113232177,39869.80617147447,976,83,0
35,58.69476246097437,16521.322176308808,690,9,1
24,69.81210094513294,43001.7835929389,128,320,1
22,87.91192378520456,45401.019483522556,617,124,1
24,84.8010309026896,14568.319881512638,311,306,1
33,57.69479531699275,49192.55216304588,912,182,1
60,90.79165624953089,7894.864874389163,432,180,0
31,61.22202859183304,10898.767751722009,138,394,1
42,61.19088074113115,10027.017122663281,729,221,1
31,76.84872114467068,44805.49579038565,228,60,1
58,79.64699674208515,33060.335063923136,332,370,1
28,79.00431039189056,8453.109877891371,356,191,1
14,54.574341869887746,22575.8475000491,183,236,1
17,93.87304313151901,31149.6032284203,581,259,0
58,63.2800021294353,5089.740164479781,674,417,1
6,56.47574606414021,44238.402051959594,434,459,1
6,94.43740399344887,40376.573236635224,491,108,0
52,97.78257491148767,25755.13190525527,161,81,0
39,93.10638086327253,48389.204147699355,820,234,0
37,90.4758037362439,21470.287984479884,903,406,0
59,82.7620990319511,49221.405632788395,113,262,0
53,77.54286853045696,33728.07994137773,428,268,0
30,54.34933799557051,32098.892389443132,783,335,1
45,70.42266065353493,9131.789869493465,657,485,1
50,68.6344258506157,44214.460156927555,138,186,1
58,62.98768918801631,21946.99470811014,250,385,1
6,86.17100568442925,8949.436883341488,933,260,1
21,74.79378675393855,1617.7684788121928,582,42,0
44,54.0523107953824,28428.028498280746,397,180,1
10,61.009160097490565,26842.58148401114,176,31,1
27,84.16293818297979,36248.32749608877,141,280,1
34,53.80654297451501,44622.644597872306,644,144,1
60,92.56034570243844,4890.922647508447,587,303,0
8,74.75732635069872,36843.32802667776,953,449,1
17,74.0293288663324,10183.185260781529,523,291,1
31,79.62038923297588,43050.675604701035,534,95,1
21,91.23404829625746,41134.11217922115,504,484,0
56,67.39046039510966,27498.893994291673,865,65,1
42,83.90080762795318,35801.89713254227,919,462,0
27,78.28659819978955,16403.15554600367,300,455,1
34,63.35141350847107,24087.22704770792,450,369,1
19,93.9314993177579,41260.20798781311,926,351,0
33,89.8713010803464,23503.994661487483,736,167,0
10,82.92259173292128,18532.115000946647,396,355,0
52,92.52908645471209,25216.409915264696,309,147,0
54,93.36471004799012,41584.2133694237,312,404,0
35,85.41814883575174,17425.194321172763,69,257,1
51,91.85066641818361,9514.318063651446,988,273,0
57,84.87357308346418,35888.68699620826,218,373,0
10,84.00703858801502,41472.93242269601,193,295,1
17,80.93056891075922,5931.236447653133,565,463,0
21,87.63583197788206,12753.83152504129,565,191,0
31,57.93025526465368,7956.627498288701,33,409,1
31,94.04353795994642,18049.129167526164,864,442,0
53,93.5921763872616,23067.19796636522,319,463,0
26,51.462364151727954,37692.49051120202,982,418,1
44,91.29083752823814,32906.231659202036,462,308,0
41,56.44349337367226,31425.499806443127,500,295,1
38,66.7559427129571,18266.372383873066,210,90,1
35,87.1754128145804,42230.93010115324,277,170,0
42,58.03799480241541,24093.071202510062,657,419,1
28,90.8983512059531,48976.14196274257,308,466,0
15,91.6067088978871,32072.964776491106,906,412,0
59,75.37338668804182,7186.972336660634,610,118,0
10,50.31929358584168,34132.700541696264,892,437,1
41,64.35190665874563,16930.096756153252,283,484,1
39,80.84634591878711,34630.03263761877,210,360,0
57,99.05930890137117,4412.416259957881,859,420,0
36,81.59067635083342,9569.19042162201,710,187,0
15,62.99017905320799,42931.12568638353,854,211,1
24,81.70028515498056,12131.79829415223,538,260,0
37,76.99926898579278,42015.01513690406,790,239,1
6,88.99226975755718,14684.528334266111,729,446,0
10,55.34903194134792,32501.213592876677,595,359,1
50,88.05139512510141,35013.37810198172,355,7,1
9,77.06332893380551,26120.082904107592,386,212,1
21,98.14960019294973,15960.223158139834,854,201,0
29,67.0936083019343,11419.57444218371,679,345,1
21,81.6310946566974,2626.2783735588846,709,129,1
60,96.60140527550087,15893.373660795467,420,142,0
7,55.12548639953396,33004.97673603287,644,343,1
54,96.86142436182256,46976.93610397565,963,29,0
33,84.39428611504067,43689.01963088955,114,72,1
37,53.39185295525859,38537.17405022983,346,65,1
32,65.04817834734081,39633.91981941163,241,33,1
25,85.40860443226407,33584.260270323764,544,387,1
29,53.36753007343859,13754.056020734148,413,23,1
17,79.10852300881366,45452.556504585664,720,175,1
55,67.29415284764784,33865.88328338587,371,454,1
40,81.04577588837385,28461.59091804156,844,78,1
38,52.28710169062564,6438.483991460573,993,65,1
38,93.57684030761882,22905.721646514845,873,431,0
56,98.67444845886985,23557.55528889439,67,157,0
48,98.44389276428458,43363.61686661083,540,280,0
42,87.48259158714623,27785.762789201635,449,52,1
17,56.5043120065316,19639.626899550072,780,215,1
8,87.91315979645113,48863.216097022305,198,347,1
6,51.229345822940076,6425.309072989468,994,412,1
38,51.106177576449866,21704.872987285285,938,143,1
45,66.18051095747705,3059.209083398859,372,114,1
15,74.43215952023328,37255.301917579585,855,486,1
48,88.52037089038966,45985.75105775838,335,187,1
49,84.16476883032526,14721.829147973982,571,32,0
34,72.29513531883742,43058.74216315692,731,201,1
18,63.68133331408329,15318.69329263299,898,195,1
17,99.85622500788556,45627.737920551845,566,319,0
36,71.30906511179865,37944.13327624241,141,393,1
51,72.56935121648377,40440.432065230496,440,55,1
7,58.181191059583455,1882.3212244222705,976,153,1
56,89.74047743749647,48177.70749662727,235,272,0
55,84.68411128907442,36606.87861144584,214,54,0
40,61.03848063943802,15932.803673920533,411,392,1
28,54.11905228079213,41640.3385780835,525,250,1
22,84.02496510373565,14794.538722331568,408,117,0
31,82.72556071405677,43764.93813874027,76,174,1
13,63.662976349910466,6516.439130184914,915,472,1
34,97.54317811252051,35480.61289557899,769,170,0
31,57.55289458904501,27494.225355600607,580,413,1
15,71.6167400521301,5730.1890395765995,557,18,1
31,97.18079600837994,12852.79758468311,533,207,0
39,70.98636584630611,1607.7977775884247,51,292,1
56,81.92629738320429,23969.630307760784,242,399,1
46,69.87971989813971,15761.997777240018,339,193,1
12,63.7107601174335,30319.51673059018,690,406,1
9,99.19888239799141,15564.652577722241,997,159,0
58,70.46670031575215,15696.03646384225,782,59,1
55,94.70496018395673,37416.46673784857,301,186,0
50,61.49773029455431,3358.998962939319,600,214,1
16,60.655235201254165,45241.85476440738,828,380,1
34,51.55670414422557,42760.92984516789,967,475,1
41,82.58334126879424,33722.42947809392,231,79,1
30,68.42631718618806,30067.856935261832,61,281,1
26,93.21791249198185,44722.822408842956,472,432,0
41,73.66049533457786,10081.178796907008,191,137,1
15,98.40967139573608,4869.488947350602,796,347,0
42,59.27627578515606,12735.998325567367,283,429,1
14,93.43115839778054,39934.335656309326,550,63,1
29,88.82984263958708,2698.843069597683,680,349,0
40,88.5460922322026,29557.53491909099,509,493,0
54,92.23916140584438,49776.43829337419,39,186,0
40,88.05119954714993,42929.108598039435,755,462,0
53,81.31101608157077,26550.838763135882,534,410,0
41,56.56224388411938,4118.404555045475,814,343,1
23,51.6263089745626,41737.30220489978,865,325,1
54,96.04239239078434,30349.946900683317,589,68,0
44,80.8325157260369,6631.716855918775,465,331,1
37,89.82686454880881,5599.006956344454,140,264,0
29,74.0761175756275,45571.714152393026,182,197,1
28,55.86540944811972,33790.812883965846,664,147,1
37,56.259289610127524,41635.05316652102,946,108,1
42,84.27826436144858,44069.9661138311,898,464,0
17,71.51529474497313,29016.845250367787,131,410,1
54,60.02623633501683,26354.871235997023,782,218,1
60,74.57972733707184,22090.94310572852,862,246,1
18,53.21044685375671,16530.382801764845,220,435,1
28,79.09857009571994,22295.202082076878,758,213,1
30,63.449670221754886,38920.103130777665,592,97,1
40,89.87795503185941,30494.248119741445,833,434,0
46,65.51809794617868,44733.641207787456,110,146,1
35,72.76100745409006,22725.6207045802,518,438,1
22,50.58102699540503,30747.389357218948,924,408,1
54,53.62234438972794,31934.07010150745,117,438,1
25,69.62467782033424,29993.160953009952,223,116,1
53,73.99694173585618,35429.0548811903,133,421,0
30,80.00102740596519,12634.239950365507,812,379,0
27,64.58312893546517,26105.825099743743,125,63,1
18,84.74909430632712,6107.015337609036,452,47,0
24,93.00611985946023,19841.055054595814,920,211,0
54,88.99254944466749,24895.686362441957,227,272,0
41,51.980941267417855,32958.98871772815,30,300,1
17,74.02534736289145,47576.02157672397,436,122,1
46,55.246508920908745,30431.90226086944,407,24,1
24,62.10225079312637,37436.10189265143,196,226,1
17,99.33312966335733,25807.036915264936,538,170,0
14,57.12477714507566,32071.097537440233,667,135,1
12,74.9444076725678,4475.678590554899,342,160,1
33,80.90778671590596,13465.187461250502,622,188,1
19,85.12324852720519,18730.801567051796,447,94,0
36,77.98243417434571,24152.174395319165,792,98,1
57,50.48854237095918,3236.788529616803,710,17,1
24,66.3230654121996,7861.180780112567,506,465,1
52,75.88558216923558,14563.901081773984,102,326,0
21,54.39332495724167,48605.10185415148,170,297,1
58,67.53134656045904,17236.00334804949,611,437,1
10,51.66015543956833,24620.011847492045,291,234,1
40,53.928924857751035,10608.787924181253,369,326,1
17,69.8461638100798,30928.223482712645,337,296,1
30,56.63578770215302,14753.477560282741,274,442,1
57,78.3770424130779,11142.636343482913,544,30,0
26,84.47324845686329,26312.058793852975,366,79,0
41,90.02933495545415,1269.7841588606202,604,460,0
58,60.007512212240506,1375.537599812041,590,368,1
28,58.37412911295349,11734.37164599103,105,428,1
21,55.228392016720015,2799.346762540236,909,303,1
44,81.82151247718184,6293.261952403877,204,154,1
50,85.32378632434506,17604.171817598828,138,152,1
58,51.5793072412821,40326.69829941083,212,12,1
47,96.81061231218449,29030.38352509574,221,33,0
44,52.59856418257362,26120.718571864403,94,300,1
19,77.06481676505352,15380.952337197961,878,478,1
36,85.45302597254582,46655.932252208004,992,418,0
10,93.54845618730428,20453.737020622393,503,213,0
40,85.70434660662139,5267.5455729928035,812,132,0
28,90.08640415348958,31236.259289772264,129,344,0
34,66.97250962714031,6578.081280353469,573,120,1
48,90.7412556873256,17915.93399728291,893,443,0
16,54.00574231923376,25863.184997172633,157,148,1
23,94.74083280302638,43836.90370957361,481,434,0
52,77.37961880768681,25183.782436665813,943,322,0
17,90.86488849812469,35410.67953555155,398,239,1
14,72.615914225915,49648.02511095445,880,11,1
15,82.17888475982625,7442.9668750011,72,468,1
49,76.32013304680567,14461.844750456456,913,49,0
22,86.5794760877666,20334.227704284673,448,447,0
43,54.08149910152948,21669.580748402735,517,243,1
12,53.01760419952819,21140.032688011743,107,444,1
51,62.355161700507324,45472.939125271194,855,436,1
18,57.97723400565942,35987.59957887597,830,159,1
45,93.58917832961009,30787.355490444483,299,185,0
47,60.960699367902215,16159.263175276323,703,219,1
14,98.79326279095656,41365.72882684344,730,92,0
55,66.84478958855534,47797.96506276446,788,260,1
32,59.10589578443496,41238.7158449611,929,77,1
7,89.48492535712396,1076.6901543821723,757,423,0
10,82.9353887750438,32183.667138986944,344,183,1
34,74.90978582265694,3505.6336906629354,954,216,0
42,77.76817754688156,13622.75379635237,880,297,0
43,85.96008891361319,3916.7103170408127,931,238,0
24,61.422737066564935,30585.97719452,918,469,1
13,99.8166958028371,34642.905761137736,974,243,0
53,98.73965810733915,6609.894265229351,197,227,0
50,82.51628431734684,19808.105269203996,368,123,0
6,59.97712254645725,23355.58893882156,222,317,1
27,84.01141212156458,19083.598066284914,482,268,0
57,53.60992044895879,6930.225023774459,312,211,1
22,51.532625110290304,21528.441719186296,365,99,1
12,62.884144425560685,37807.72434261249,419,377,1
30,73.13114783696582,4479.375562129518,554,226,1
50,93.41362527041903,4928.820690013269,269,370,0
9,86.3584534883154,18383.793299963225,861,280,0
41,87.13532605999904,47144.55986932733,987,384,0
11,71.27466672240377,33760.05968942279,512,235,1
36,67.29674962734815,34254.82787695568,688,313,1
24,68.55193814923014,18734.079551055383,745,123,1
49,99.3824781868029,30089.378769218383,621,272,0
59,52.005459570624126,1496.4280173594257,920,437,1
44,93.35157480612243,32168.70627406757,584,277,0
32,78.93377042861967,45751.0604312356,487,68,1
15,71.93077095947953,31016.09994889614,118,302,1
31,86.26288302075682,43811.231079850906,689,354,0
24,74.33344707123514,36474.6797178386,124,417,1
44,93.67116190408302,6907.362403780822,481,407,0
8,95.03509320056293,45220.21205700625,457,498,0
50,71.08604634367276,4255.748373432969,180,15,1
18,63.841389861752575,27164.406154840424,543,102,1
55,79.61751642966811,7964.719065879425,405,438,0
33,95.61816728083454,1573.6239258142991,51,75,1
25,60.53310945028333,21679.67874625431,912,368,1
33,81.14832917817414,15456.994675053656,342,62,0
13,81.57801100462603,24814.024196082548,869,294,1
46,86.65565112076405,29282.79444999299,548,255,0
44,56.57838425636299,3143.2145431384206,235,280,1
6,85.79124823410443,7027.161461063536,981,54,1
8,95.45162603328205,28373.477426070844,404,362,0
18,58.984155443512094,17815.200305460254,480,220,1
33,61.87716624619388,36729.50088992295,655,398,1
54,98.56975470208198,32962.29078100504,813,420,0
30,59.04884763547449,42434.61378650543,624,56,1
38,92.71925466847895,34932.14850679204,208,275,0
43,74.61389282240174,22066.622792117258,239,489,1
58,62.36155372015885,33975.36449732719,529,88,1
11,93.53749506362557,14493.677538515507,493,391,0
49,72.26526275013327,16009.361440132421,869,297,0
50,75.74086769648451,39660.27283611887,153,130,0
37,67.96166846998828,22874.556303677527,142,300,1
50,79.64754257174637,40120.63668539927,41,76,1
52,58.17619362925114,41298.69630974564,155,300,1
26,69.55407683258804,43020.554545402905,594,240,1
21,98.47061611676438,45915.12655621916,360,60,0
59,62.90667163505638,22118.275805151516,930,411,1
26,82.8368332270646,16624.4740977358,312,364,1
16,66.25950321123474,29527.73858311158,169,399,1
42,88.67365628433004,19187.448748443752,430,114,0
41,56.54368303591749,30452.634173211416,931,196,1
40,98.49105225392724,35573.707269547405,126,396,0
24,72.68947706918196,34731.84590611471,546,97,1
25,61.8025231673232,19353.091463985947,598,354,1
23,53.67483736650063,9176.149883238888,953,60,1
52,58.48789525437704,22095.93758464817,875,64,1
46,75.98869742780089,7987.113060013528,98,142,1
54,66.85015882156432,44614.754724006605,147,43,0
19,91.44416829413046,17947.99557615501,917,32,0
20,71.5443761830903,8568.527613942864,88,53,1
36,62.435713629381496,2246.940235381793,62,424,1
6,80.8572493302015,32645.29692803773,347,129,1
58,85.33886084427229,32208.21355528242,79,17,0
59,58.35209539504749,17689.60416248329,909,484,1
59,58.380960814415886,4513.882553534899,518,40,1
8,51.83357134667715,21071.81584986637,48,105,1
21,86.82010075328202,16249.657258106285,755,286,1
28,83.19022638109026,34178.911347015455,226,90,1
16,73.7315437874907,30683.183223181826,920,8,1
17,92.20852244845986,18865.09268167946,479,227,0
15,90.28350764750266,11676.735158494515,588,342,0
37,79.2677182198376,49413.762341624,708,452,1
21,93.41356402566294,23246.079438609628,481,170,0
13,60.292060501838414,34725.43755323162,318,387,1
43,55.5959809698864,7887.095411339678,170,348,1
17,63.48748057584948,24793.895283310492,113,387,1
29,52.854342804465745,2349.2992736038086,723,380,1
33,76.5584764000516,25767.300777612047,420,475,1
58,96.83028461474808,48236.85294876742,620,282,0
13,51.967177033425486,19826.128936304212,244,134,1
33,56.105495700501336,2910.804616170668,555,35,1
41,72.60995141417176,2516.8337550478327,244,379,0
31,96.69375087639524,20011.351237396604,432,15,0
13,65.80780524883752,8841.221886696509,157,480,1
55,75.36174043441963,2144.2527200811096,851,306,0
33,52.0786429525196,38054.467083558666,506,100,1
33,57.41716004810444,23467.627435212642,789,194,1
42,99.33150614794235,15172.993826660071,433,457,0
46,98.25593482180227,45104.075967807556,58,196,0
41,50.24699904672048,6690.809049825755,821,490,1
32,97.59058927116195,47840.02261881064,367,270,1
59,81.95599689077503,16384.36915149029,860,428,0
22,93.39591472600111,44531.77994312538,743,132,0
14,72.73699278169295,30544.200947493617,390,242,1
38,75.77980142896251,41508.66062733289,598,412,1
58,74.44232901284602,49216.64499731275,421,359,1
25,83.34321287730522,15131.86645311854,247,432,0
18,56.98256273781564,48095.638784972056,603,116,1
33,51.4986794936339,20084.612850218597,698,320,1
53,65.39649707955954,19890.083332109192,231,450,1
34,85.23403813683234,17678.968108470777,46,347,0
18,60.09267260614742,27528.972760031673,351,149,1
51,83.67162166624587,8553.107115745868,547,69,0
40,98.49560230536352,28131.862782542546,599,251,0
11,54.69503578947092,27543.535808090197,354,227,1
23,83.63010591125632,38333.18881763863,441,483,0
56,72.18751096522855,41848.84813494169,347,494,1
10,93.40711271887527,22581.62616530878,710,317,0
52,58.857489472369295,15814.329218223194,994,443,1
30,84.63129761130823,13707.40996853763,111,110,1
7,91.90576448240552,10536.567998538725,503,185,1
15,97.23071097370116,3824.7315277522193,497,188,0
35,84.16240141448229,17779.950962900955,454,230,1
55,74.85873820042136,14242.13691440838,974,269,0
50,80.8923620100607,48354.45190745396,760,282,0
10,93.44524922393592,28327.732486252153,718,401,0
60,78.53048733194149,18016.57491249487,233,93,0
38,51.519352984841845,29442.912448691102,612,180,1
59,96.54743477534889,7820.638365939079,416,22,0
6,84.47633755157806,22758.14371090794,807,375,0
23,83.82566928886233,31685.481749632127,127,464,1
37,60.78375761988586,24955.993757830118,374,428,1
52,82.94427351163286,20687.161232061888,832,405,0
54,69.69322028270793,49698.57105608521,237,403,1
16,82.5616488520746,44135.42334529742,543,110,1
26,55.32965151539953,31546.891949812565,665,275,1
31,82.89226523015179,28899.490697931855,821,467,0
30,99.97068628853333,31412.36351140462,615,323,0
27,52.4106019430278,10864.29328329923,195,171,1
32,98.85870921106587,20361.74941995161,51,17,0
54,70.34539803614354,2933.517111654067,183,341,1
18,93.53767251686295,24301.755836854507,968,36,0
38,89.11927420291367,27608.204613925496,468,397,0
39,78.3508130493334,12159.73706905727,324,44,1
46,86.92246046256633,48237.41351111017,248,152,0
40,93.92577806506739,45563.27593592486,698,222,0
6,70.20701608255165,36385.01853733939,524,223,1
26,66.35165807816193,27135.944809502766,259,473,1
53,83.37966927817924,43628.48882273656,49,86,1
60,90.39229709706294,7401.964847349683,582,337,0
11,88.11425673883079,39734.97991946936,979,212,0
33,89.89068244293173,7116.219884375567,177,205,1
22,71.77916574064665,39916.322464920864,137,451,1
10,90.89171080875107,14512.61084431649,432,336,1
36,56.01045276853042,43977.438469891254,625,432,1
10,77.22445489804248,47258.06259744449,512,42,1
43,50.28793302490608,8291.002500850667,396,215,1
8,66.22929149501351,23671.104648204284,863,448,1
58,68.32307674356989,49068.38152997157,443,331,1
28,69.80863458046277,24686.964362684183,338,253,1
42,84.7733603344931,43313.828603212714,831,231,0
58,69.42790506351729,29847.84458443467,947,52,1
42,72.43468113112652,19391.16548806049,864,22,1
15,61.87720654371637,15003.39422076764,163,404,1
15,68.662589581467,10957.931463218276,748,443,1
24,61.363481363157575,38328.111377507164,312,299,1
22,53.659796188422185,19940.484834328367,807,200,1
26,80.17242966906889,26052.497647836808,102,191,1
19,83.41063992775082,25123.948520057915,510,349,1
14,80.97451730048073,29286.67243242343,381,228,1
51,73.17470219002863,43413.28013560306,589,322,1
6,68.98928900896149,49056.22783558804,355,492,1
56,93.16668247859127,20971.62622011703,774,401,0
50,75.9540892568109,41548.42718320885,472,369,1
18,73.95909388148655,38461.861938081165,129,341,1
9,51.282103290321785,29102.91862132309,88,233,1
6,67.06239138130782,47846.31003698472,537,394,1
54,69.00978093929285,10823.251260891737,287,471,0
45,69.94113904484502,6353.946305171449,442,81,1
37,79.00861846136661,42844.13638081568,481,192,0
39,76.68012733634393,22518.341015053666,94,350,1
33,80.39525463967223,42501.47385614596,624,274,1
36,88.2441630771064,44761.420054575334,183,99,0
13,90.64928693580467,4060.4220873345007,295,314,0
44,85.90615381132471,44289.77338631697,850,136,0
31,97.77618479774674,22967.633713101688,108,43,0
39,50.91162913381808,26011.19196120738,344,76,1
59,59.788899284177305,31703.033043567302,691,285,1
59,50.37814374890711,46392.74772977425,976,337,0
8,82.37373570773015,1936.6886270584373,589,164,1
55,94.90152744749935,24365.32994757304,946,191,0
17,62.174114828814965,34698.38007909747,920,490,1
6,96.35172723981533,36412.64092721319,277,195,0
59,53.01336951447804,34934.08914531829,819,426,1
49,96.72180134027572,7587.321340997971,897,124,0
10,67.58113436198173,15670.38383021238,639,224,1
35,55.07104142246082,18577.06074543366,443,57,1
35,74.29358795931628,40417.42317629574,54,226,1
22,62.8388283860254,14659.233748313098,313,455,1
53,64.24364509809614,11324.543229492956,478,416,1
52,65.36449824631433,47914.95293286671,910,135,1
28,90.15129489163317,1434.3009705599761,330,241,0
20,76.95806383376272,49893.22192841693,97,250,1
42,65.56538495780018,34164.243644012386,36,230,1
26,80.51668916554593,41594.995673006735,846,212,1
19,85.80753371115968,15436.350420963465,166,410,1
7,63.63120003667669,1701.448605685939,193,100,1
16,70.67745507626758,37155.60640951497,112,426,1
56,56.09430466684738,41873.08525303311,926,204,1
44,59.05746747673402,37283.330465722436,679,251,1
43,84.05589269824914,7999.664077741091,449,76,0
39,59.071917384781344,37917.968190591484,102,322,1
43,76.258169183353,38677.216323274406,266,189,1
55,85.45231308612163,33268.485267832686,75,10,1
39,55.34384615473719,38539.68070698372,647,210,1
23,78.36561098144517,42450.150544208875,957,36,1
35,62.82813918506819,31066.60159763546,829,103,1
20,98.146343761879,5341.630984514274,291,398,0
32,74.17728233599624,24893.76267369333,205,391,1
56,90.2996274887579,4804.817398908648,195,260,0
39,77.51132710781309,20969.60852058911,686,191,1
57,52.170626642740956,20948.217967155753,871,80,1
43,81.65756877970111,4234.482362871837,399,181,0
38,97.57016711033285,18092.206164504485,824,319,0
29,80.08059100731656,6438.906840774427,83,291,1
20,90.95944297133951,40603.525290451886,719,353,0
35,94.2103231674204,47436.71327225907,448,259,0
60,61.40398859744663,4543.507287638991,785,329,1
47,60.60224199541133,47800.645157293366,536,194,1
56,80.54904944254959,26606.253367500514,370,312,0
22,70.55142349033524,15678.718219739822,156,349,1
10,91.99306514333603,4766.241688532013,438,131,1
34,95.00115616990055,25530.589135450475,953,429,0
9,67.6710689651359,39931.261680046686,396,291,1
15,61.8435279487241,35647.23738606821,300,258,1
22,89.0262757621931,3461.0745617347143,673,217,0
15,63.740301777406806,4572.189933027272,634,254,1
22,91.13071592568392,20740.79084899922,408,88,1
25,71.18691268243813,15469.23420834922,102,491,1
29,83.37749496457351,12386.831829746345,952,387,0
10,54.77676569173341,14769.220446526966,951,410,1
39,81.19296623382866,40370.65442154735,944,392,0
11,72.58838393686145,46532.17462796084,277,17,1
58,79.3304231587737,20850.032031850755,889,49,0
7,58.40071038724317,45399.439104492354,814,131,1
18,86.8436872472091,16753.289361146217,72,430,0
48,93.13985387716143,24345.41233084579,406,118,0
48,60.836990004538784,12075.420892983986,70,437,1
53,54.78572777600809,32383.326066616355,199,280,1
16,51.18192930231682,48970.07464356563,975,209,1
56,82.0985750221633,30571.161706125553,241,341,0
52,80.35470180443903,18532.890121563894,522,442,0
28,77.33487063570351,32743.05485353589,709,424,0
60,61.59735480579877,7023.113244803991,68,485,0
21,69.54529979527574,44544.29493300453,398,389,1
36,79.72381675930865,25651.11358821198,786,403,0
16,74.83834294295846,23018.137359942462,180,465,1
59,99.38927601074437,29707.37463422244,140,277,0
21,56.821987627836656,31614.40927668072,509,412,1
13,84.75722770237968,4517.014505099138,465,62,1
9,70.21593840521462,34448.24383994672,76,332,1
45,71.40998074628074,12854.652335460949,604,223,0
9,85.87988828290881,35983.6789928229,766,113,0
30,84.62180756621848,41304.20492482564,395,283,1
8,99.56279968510941,40393.96687007349,98,178,1
37,56.41971447270626,28072.547402986565,328,332,1
8,55.20548246920832,26488.324723226808,973,268,1
32,86.21694085643705,8000.922105631174,831,319,0
34,78.91934585032045,38991.96136975364,325,478,0
37,63.70803332799029,14299.059641889004,232,115,1
